Workbook

Sheet Lembar Observasi
A1: Lembar Observasi Usability Testing — Teman Belajar ASD
A2: Isi kolom Selesai (Ya/Tidak), Waktu (detik), dan Hambatan untuk setiap tugas T1-T7 setiap responden menyelesaikan sesi.
A4: No | B4: Responden | C4: Topik | D4: Tanggal | E4: T1 - Pilih Topik | H4: T2 - Materi | K4: T3 - Contoh | N4: T4 - Latihan | Q4: T5 - Pembahasan | T4: T6 - Ringkasan | W4: T7 - Progress
E5: Selesai | F5: Waktu (detik) | G5: Hambatan | H5: Selesai | I5: Waktu (detik) | J5: Hambatan | K5: Selesai | L5: Waktu (detik) | M5: Hambatan | N5: Selesai | O5: Waktu (detik) | P5: Hambatan | Q5: Selesai | R5: Waktu (detik) | S5: Hambatan | T5: Selesai | U5: Waktu (detik) | V5: Hambatan | W5: Selesai | X5: Waktu (detik) | Y5: Hambatan
A6: 1 | B6: R1 | C6: Linked List | D6: 2026-07-04 | E6: Ya | F6: 15 | G6: Tidak ada hambatan | H6: Ya | I6: 74 | J6: Tidak ada hambatan | K6: Ya | L6: 31 | M6: Tidak ada hambatan | N6: Ya | O6: 190 | P6: Tidak ada hambatan | Q6: Ya | R6: 35 | S6: Tidak ada hambatan | T6: Ya | U6: 22 | V6: Tidak ada hambatan | W6: Ya | X6: 9 | Y6: Tidak ada hambatan
A7: 2 | B7: R2 | C7: Linked List | D7: 2026-07-04 | E7: Ya | F7: 6 | G7: Tidak ada hambatan | H7: Ya | I7: 146 | J7: Tidak ada hambatan | K7: Ya | L7: 77 | M7: Tidak ada hambatan | N7: Ya | O7: 259 | P7: Tidak ada hambatan | Q7: Ya | R7: 25 | S7: Tidak ada hambatan | T7: Ya | U7: 33 | V7: Tidak ada hambatan | W7: Ya | X7: 18 | Y7: Tidak ada hambatan
A8: 3 | B8: R3 | C8: Linked List | D8: 2026-07-04 | E8: Ya | F8: 5 | G8: Tidak ada hambatan | H8: Ya | I8: 63 | J8: Tidak ada hambatan | K8: Ya | L8: 35 | M8: Tidak ada hambatan | N8: Ya | O8: 175 | P8: Tidak ada hambatan | Q8: Ya | R8: 34 | S8: Tidak ada hambatan | T8: Ya | U8: 31 | V8: Tidak ada hambatan | W8: Ya | X8: 5 | Y8: Tidak ada hambatan
A9: 4 | B9: R4 | C9: Linked List | D9: 2026-07-04 | E9: Ya | F9: 13 | G9: Tidak ada hambatan | H9: Ya | I9: 85 | J9: Tidak ada hambatan | K9: Ya | L9: 75 | M9: Tidak ada hambatan | N9: Ya | O9: 286 | P9: Tidak ada hambatan | Q9: Ya | R9: 54 | S9: Tidak ada hambatan | T9: Ya | U9: 28 | V9: Tidak ada hambatan | W9: Ya | X9: 12 | Y9: Tidak ada hambatan
A10: 5 | B10: R5 | C10: Linked List | D10: 2026-07-04 | E10: Ya | F10: 12 | G10: Tidak ada hambatan | H10: Ya | I10: 135 | J10: Tidak ada hambatan | K10: Ya | L10: 47 | M10: Tidak ada hambatan | N10: Ya | O10: 121 | P10: Tidak ada hambatan | Q10: Ya | R10: 30 | S10: Tidak ada hambatan | T10: Ya | U10: 37 | V10: Tidak ada hambatan | W10: Ya | X10: 18 | Y10: Tidak ada hambatan

Sheet Deskripsi Tugas
A1: Deskripsi 7 Tugas (Task-Based Usability Test)
A2: Sampaikan tugas satu per satu ke responden. Jangan berikan semua sekaligus.
A4: Kode | B4: Instruksi ke Responden | C4: Yang Diamati
A5: T1 - Pilih Topik | B5: Pilih topik Linked List dari halaman daftar topik. | C5: Apakah menemukan halaman topik dengan mudah?
A6: T2 - Materi | B6: Baca konten materi Linked List, lalu tandai sebagai selesai. | C6: Apakah tombol 'Tandai Selesai' mudah ditemukan?
A7: T3 - Contoh | B7: Buka tab Contoh dan baca contoh implementasi yang ditampilkan. | C7: Apakah tab terkunci terdeteksi? Apakah konten jelas?
A8: T4 - Latihan | B8: Kerjakan latihan soal dan kumpulkan seluruh jawaban. | C8: Apakah alur pengisian soal intuitif? Ada kebingungan?
A9: T5 - Pembahasan | B9: Baca pembahasan dan skor yang diberikan sistem. | C9: Apakah feedback mudah dipahami?
A10: T6 - Ringkasan | B10: Buka tab Ringkasan dan selesaikan alur belajar topik ini. | C10: Apakah pengguna tahu ini langkah terakhir?
A11: T7 - Progress | B11: Akses halaman Progres Belajar dan cek status penyelesaian topik. | C11: Apakah navigasi ke halaman progress mudah?

Sheet Rekap & Analisis
A1: Rekap & Analisis Observasi per Tugas
A2: Dihitung otomatis dari data di sheet 'Lembar Observasi'.
A4: Tugas | B4: Jumlah Selesai | C4: Jumlah Tidak Selesai | D4: % Tingkat Keberhasilan | E4: Rata-rata Waktu (detik) | F4: Catatan Hambatan Utama
A5: T1 - Pilih Topik | B5: =COUNTIF('Lembar Observasi'!E6:E15,"Ya") -> 5 | C5: =COUNTIF('Lembar Observasi'!E6:E15,"Tidak") -> 0 | D5: =IFERROR(B5/(B5+C5)*100,"") -> 100 | E5: =IFERROR(AVERAGE('Lembar Observasi'!F6:F15),"") -> 10.2
A6: T2 - Materi | B6: =COUNTIF('Lembar Observasi'!H6:H15,"Ya") -> 5 | C6: =COUNTIF('Lembar Observasi'!H6:H15,"Tidak") -> 0 | D6: =IFERROR(B6/(B6+C6)*100,"") -> 100 | E6: =IFERROR(AVERAGE('Lembar Observasi'!I6:I15),"") -> 100.6
A7: T3 - Contoh | B7: =COUNTIF('Lembar Observasi'!K6:K15,"Ya") -> 5 | C7: =COUNTIF('Lembar Observasi'!K6:K15,"Tidak") -> 0 | D7: =IFERROR(B7/(B7+C7)*100,"") -> 100 | E7: =IFERROR(AVERAGE('Lembar Observasi'!L6:L15),"") -> 53
A8: T4 - Latihan | B8: =COUNTIF('Lembar Observasi'!N6:N15,"Ya") -> 5 | C8: =COUNTIF('Lembar Observasi'!N6:N15,"Tidak") -> 0 | D8: =IFERROR(B8/(B8+C8)*100,"") -> 100 | E8: =IFERROR(AVERAGE('Lembar Observasi'!O6:O15),"") -> 206.2
A9: T5 - Pembahasan | B9: =COUNTIF('Lembar Observasi'!Q6:Q15,"Ya") -> 5 | C9: =COUNTIF('Lembar Observasi'!Q6:Q15,"Tidak") -> 0 | D9: =IFERROR(B9/(B9+C9)*100,"") -> 100 | E9: =IFERROR(AVERAGE('Lembar Observasi'!R6:R15),"") -> 35.6
A10: T6 - Ringkasan | B10: =COUNTIF('Lembar Observasi'!T6:T15,"Ya") -> 5 | C10: =COUNTIF('Lembar Observasi'!T6:T15,"Tidak") -> 0 | D10: =IFERROR(B10/(B10+C10)*100,"") -> 100 | E10: =IFERROR(AVERAGE('Lembar Observasi'!U6:U15),"") -> 30.2
A11: T7 - Progress | B11: =COUNTIF('Lembar Observasi'!W6:W15,"Ya") -> 5 | C11: =COUNTIF('Lembar Observasi'!W6:W15,"Tidak") -> 0 | D11: =IFERROR(B11/(B11+C11)*100,"") -> 100 | E11: =IFERROR(AVERAGE('Lembar Observasi'!X6:X15),"") -> 12.4
A12: Rata-rata Keseluruhan | D12: =IFERROR(AVERAGE(D5:D11),"") -> 100 | E12: =IFERROR(AVERAGE(E5:E11),"") -> 64.028571
